id,job_title
1,Programmer Analyst II
2,Environmental Specialist
3,VP Marketing
4,Senior Cost Accountant
5,Food Chemist
6,Payment Adjustment Coordinator
7,Software Consultant
8,Software Test Engineer I
9,Systems Administrator I
10,VP Quality Control
11,Occupational Therapist
12,Human Resources Manager
13,Research Assistant II
14,Senior Developer
15,Human Resources Assistant IV
16,Human Resources Manager
17,Administrative Officer
18,VP Accounting
19,Programmer Analyst IV
20,Account Executive
21,Community Outreach Specialist
22,Social Worker
23,Associate Professor
24,Speech Pathologist
25,Paralegal
26,Speech Pathologist
27,Software Test Engineer IV
28,Senior Financial Analyst
29,Project Manager
30,Project Manager
31,Payment Adjustment Coordinator
32,VP Quality Control
33,Pharmacist
34,General Manager
35,Assistant Professor
36,Staff Accountant II
37,Human Resources Manager
38,Engineer II
39,Software Engineer II
40,Internal Auditor
41,Health Coach III
42,Health Coach III
43,Marketing Manager
44,Web Designer IV
45,Information Systems Manager
46,Product Engineer
47,Occupational Therapist
48,Operator
49,Account Executive
50,Pharmacist
51,Executive Secretary
52,Environmental Specialist
53,Product Engineer
54,Environmental Tech
55,Geological Engineer
56,Executive Secretary
57,Senior Sales Associate
58,Account Coordinator
59,Systems Administrator IV
60,Software Consultant
61,Financial Advisor
62,Software Test Engineer III
63,Computer Systems Analyst IV
64,Research Assistant IV
65,Community Outreach Specialist
66,Senior Quality Engineer
67,Assistant Media Planner
68,Staff Scientist
69,Health Coach III
70,Geological Engineer
71,Financial Advisor
72,Chemical Engineer
73,Developer III
74,Budget/Accounting Analyst III
75,Data Coordinator
76,Occupational Therapist
77,Paralegal
78,Project Manager
79,Environmental Specialist
80,Pharmacist
81,Marketing Assistant
82,Developer IV
83,Senior Cost Accountant
84,Account Representative II
85,Legal Assistant
86,Mechanical Systems Engineer
87,Research Assistant II
88,Director of Sales
89,Compensation Analyst
90,Structural Engineer
91,Senior Quality Engineer
92,Payment Adjustment Coordinator
93,Operator
94,Marketing Assistant
95,Geologist III
96,Compensation Analyst
97,Account Coordinator
98,Structural Analysis Engineer
99,Analyst Programmer
100,Statistician II
101,Clinical Specialist
102,VP Marketing
103,Automation Specialist I
104,Paralegal
105,VP Quality Control
106,Administrative Officer
107,Sales Representative
108,Help Desk Technician
109,Statistician II
110,Statistician II
111,Nurse
112,Nuclear Power Engineer
113,Help Desk Operator
114,Human Resources Manager
115,Speech Pathologist
116,Nurse Practicioner
117,Actuary
118,Compensation Analyst
119,Nurse
120,Assistant Professor
121,Software Engineer I
122,Occupational Therapist
123,Biostatistician III
124,Financial Analyst
125,Compensation Analyst
126,Safety Technician I
127,Environmental Tech
128,GIS Technical Architect
129,Professor
130,VP Accounting
131,Programmer Analyst III
132,Administrative Assistant IV
133,Accounting Assistant IV
134,Dental Hygienist
135,Quality Engineer
136,Web Designer II
137,Software Consultant
138,Teacher
139,Senior Developer
140,Accountant IV
141,Director of Sales
142,Software Engineer III
143,Analog Circuit Design manager
144,Account Coordinator
145,Food Chemist
146,Financial Analyst
147,Design Engineer
148,Electrical Engineer
149,Pharmacist
150,Sales Representative
151,Social Worker
152,VP Marketing
153,Software Test Engineer III
154,Programmer III
155,Editor
156,Junior Executive
157,Actuary
158,Administrative Officer
159,Payment Adjustment Coordinator
160,Nurse
161,Nurse Practicioner
162,Pharmacist
163,Chief Design Engineer
164,Clinical Specialist
165,Business Systems Development Analyst
166,Programmer II
167,Social Worker
168,Legal Assistant
169,Sales Associate
170,Developer I
171,Paralegal
172,Financial Advisor
173,Chemical Engineer
174,Food Chemist
175,VP Marketing
176,Electrical Engineer
177,Operator
178,Programmer III
179,Administrative Assistant I
180,Geologist IV
181,Director of Sales
182,Structural Analysis Engineer
183,Business Systems Development Analyst
184,Design Engineer
185,Internal Auditor
186,VP Quality Control
187,Executive Secretary
188,Speech Pathologist
189,Physical Therapy Assistant
190,Software Consultant
191,Assistant Media Planner
192,Research Nurse
193,Developer IV
194,Social Worker
195,Computer Systems Analyst III
196,Research Nurse
197,Clinical Specialist
198,Speech Pathologist
199,Executive Secretary
200,Sales Representative
201,Analyst Programmer
202,Help Desk Technician
203,Clinical Specialist
204,Biostatistician III
205,Senior Editor
206,Help Desk Operator
207,Speech Pathologist
208,Engineer IV
209,Civil Engineer
210,Social Worker
211,Tax Accountant
212,Help Desk Operator
213,Financial Analyst
214,Office Assistant I
215,Environmental Tech
216,Office Assistant IV
217,Community Outreach Specialist
218,Senior Financial Analyst
219,Help Desk Technician
220,Cost Accountant
221,Speech Pathologist
222,Marketing Manager
223,Software Consultant
224,Chief Design Engineer
225,Professor
226,Legal Assistant
227,Librarian
228,Human Resources Assistant I
229,Senior Financial Analyst
230,Community Outreach Specialist
231,Geologist II
232,Geological Engineer
233,Information Systems Manager
234,Senior Developer
235,Nurse Practicioner
236,Chief Design Engineer
237,Web Developer I
238,Food Chemist
239,Mechanical Systems Engineer
240,Geological Engineer
241,Office Assistant IV
242,Junior Executive
243,Design Engineer
244,Systems Administrator I
245,Senior Sales Associate
246,Accounting Assistant II
247,Staff Accountant III
248,Help Desk Technician
249,Health Coach II
250,Sales Associate
251,Mechanical Systems Engineer
252,Community Outreach Specialist
253,Quality Engineer
254,VP Quality Control
255,Paralegal
256,Senior Developer
257,Sales Representative
258,Environmental Tech
259,Senior Sales Associate
260,Research Nurse
261,Editor
262,Pharmacist
263,Staff Scientist
264,Senior Developer
265,Assistant Media Planner
266,Payment Adjustment Coordinator
267,Director of Sales
268,Internal Auditor
269,VP Product Management
270,Design Engineer
271,Occupational Therapist
272,Help Desk Technician
273,Senior Cost Accountant
274,Senior Quality Engineer
275,Help Desk Operator
276,Occupational Therapist
277,Social Worker
278,Senior Cost Accountant
279,Actuary
280,Technical Writer
281,Chief Design Engineer
282,Health Coach I
283,Project Manager
284,Teacher
285,Software Engineer IV
286,Software Consultant
287,Financial Analyst
288,Librarian
289,Community Outreach Specialist
290,Automation Specialist II
291,Environmental Specialist
292,Media Manager I
293,Help Desk Operator
294,VP Marketing
295,Developer III
296,Registered Nurse
297,Senior Quality Engineer
298,Social Worker
299,Associate Professor
300,Clinical Specialist
301,Editor
302,Pharmacist
303,Occupational Therapist
304,Research Assistant III
305,Research Assistant IV
306,Human Resources Assistant II
307,Administrative Assistant IV
308,Senior Cost Accountant
309,Quality Control Specialist
310,Food Chemist
311,VP Marketing
312,Community Outreach Specialist
313,Assistant Manager
314,Staff Scientist
315,General Manager
316,Environmental Specialist
317,VP Sales
318,Nurse
319,Statistician III
320,Nurse Practicioner
321,Financial Advisor
322,Assistant Professor
323,Financial Advisor
324,Marketing Assistant
325,Software Test Engineer I
326,Social Worker
327,Senior Financial Analyst
328,Senior Quality Engineer
329,Payment Adjustment Coordinator
330,Senior Financial Analyst
331,Dental Hygienist
332,Compensation Analyst
333,Senior Cost Accountant
334,Physical Therapy Assistant
335,Software Engineer III
336,VP Quality Control
337,Internal Auditor
338,Director of Sales
339,Quality Control Specialist
340,Tax Accountant
341,Executive Secretary
342,Financial Advisor
343,Registered Nurse
344,Senior Developer
345,Health Coach I
346,GIS Technical Architect
347,Compensation Analyst
348,Software Engineer II
349,Research Assistant I
350,Accountant II
351,Operator
352,Environmental Specialist
353,Geologist IV
354,Recruiter
355,Business Systems Development Analyst
356,Software Engineer III
357,Human Resources Manager
358,Safety Technician III
359,Staff Accountant II
360,Assistant Media Planner
361,VP Marketing
362,VP Accounting
363,Marketing Assistant
364,Human Resources Assistant II
365,Systems Administrator II
366,Paralegal
367,Biostatistician IV
368,Payment Adjustment Coordinator
369,VP Product Management
370,Research Nurse
371,Human Resources Manager
372,Senior Quality Engineer
373,Systems Administrator IV
374,Environmental Specialist
375,General Manager
376,Assistant Media Planner
377,Senior Editor
378,Biostatistician II
379,Programmer Analyst I
380,Staff Scientist
381,Media Manager II
382,Sales Representative
383,Business Systems Development Analyst
384,VP Product Management
385,Marketing Manager
386,Senior Cost Accountant
387,Programmer I
388,Office Assistant II
389,Data Coordinator
390,Sales Representative
391,Marketing Assistant
392,Electrical Engineer
393,Environmental Specialist
394,Geological Engineer
395,Systems Administrator II
396,Web Designer IV
397,Food Chemist
398,Civil Engineer
399,Cost Accountant
400,Mechanical Systems Engineer
401,Marketing Assistant
402,Food Chemist
403,Financial Analyst
404,VP Accounting
405,Senior Editor
406,Design Engineer
407,Safety Technician II
408,Geologist I
409,Graphic Designer
410,Account Coordinator
411,General Manager
412,Data Coordinator
413,Administrative Officer
414,Engineer III
415,Product Engineer
416,Payment Adjustment Coordinator
417,Human Resources Manager
418,Web Developer II
419,Accounting Assistant II
420,Librarian
421,Operator
422,Recruiting Manager
423,Senior Cost Accountant
424,Quality Control Specialist
425,Biostatistician IV
426,Nuclear Power Engineer
427,Junior Executive
428,Payment Adjustment Coordinator
429,Statistician III
430,Programmer Analyst III
431,Pharmacist
432,Internal Auditor
433,Quality Engineer
434,Occupational Therapist
435,Structural Engineer
436,Social Worker
437,Desktop Support Technician
438,Sales Representative
439,Software Consultant
440,Actuary
441,General Manager
442,Nuclear Power Engineer
443,Programmer III
444,Tax Accountant
445,Accountant II
446,Technical Writer
447,Senior Cost Accountant
448,Automation Specialist II
449,Senior Cost Accountant
450,Financial Advisor
451,Cost Accountant
452,Pharmacist
453,Data Coordinator
454,Research Associate
455,Occupational Therapist
456,Senior Cost Accountant
457,Professor
458,Account Executive
459,Administrative Assistant III
460,Paralegal
461,Financial Advisor
462,Nuclear Power Engineer
463,Engineer III
464,Mechanical Systems Engineer
465,Developer IV
466,Software Engineer II
467,Staff Accountant II
468,Nurse
469,GIS Technical Architect
470,Product Engineer
471,Desktop Support Technician
472,VP Marketing
473,Associate Professor
474,Marketing Assistant
475,Desktop Support Technician
476,VP Sales
477,Data Coordinator
478,Programmer I
479,Desktop Support Technician
480,Product Engineer
481,Senior Cost Accountant
482,Cost Accountant
483,VP Quality Control
484,Assistant Media Planner
485,Environmental Tech
486,Recruiting Manager
487,Technical Writer
488,Geological Engineer
489,Senior Developer
490,Clinical Specialist
491,Mechanical Systems Engineer
492,Information Systems Manager
493,Librarian
494,VP Quality Control
495,VP Product Management
496,Desktop Support Technician
497,Web Designer III
498,Automation Specialist III
499,Recruiting Manager
500,Software Test Engineer I
501,Web Designer I
502,Analyst Programmer
503,Sales Representative
504,VP Sales
505,Community Outreach Specialist
506,Project Manager
507,Nurse Practicioner
508,Junior Executive
509,VP Product Management
510,Account Coordinator
511,Teacher
512,Software Engineer III
513,Pharmacist
514,Help Desk Operator
515,Teacher
516,VP Product Management
517,Product Engineer
518,General Manager
519,Software Engineer III
520,Web Developer II
521,Programmer Analyst II
522,Financial Advisor
523,Software Consultant
524,Research Nurse
525,Nuclear Power Engineer
526,Project Manager
527,Staff Accountant I
528,Payment Adjustment Coordinator
529,VP Accounting
530,Recruiting Manager
531,Editor
532,Business Systems Development Analyst
533,Senior Quality Engineer
534,Graphic Designer
535,Automation Specialist IV
536,Pharmacist
537,Automation Specialist II
538,Senior Quality Engineer
539,Programmer Analyst III
540,Accountant III
541,Analyst Programmer
542,Financial Advisor
543,Health Coach IV
544,Professor
545,Financial Analyst
546,Nurse
547,Operator
548,Media Manager II
549,Physical Therapy Assistant
550,Dental Hygienist
551,Assistant Media Planner
552,Quality Control Specialist
553,Research Nurse
554,Teacher
555,Payment Adjustment Coordinator
556,Senior Quality Engineer
557,Nuclear Power Engineer
558,Statistician I
559,Research Associate
560,Assistant Manager
561,Paralegal
562,Senior Financial Analyst
563,Senior Developer
564,Sales Representative
565,Software Consultant
566,Biostatistician I
567,Office Assistant IV
568,Human Resources Assistant I
569,Human Resources Manager
570,Health Coach I
571,Geologist III
572,Senior Developer
573,Systems Administrator II
574,Payment Adjustment Coordinator
575,Registered Nurse
576,Staff Accountant IV
577,Speech Pathologist
578,Speech Pathologist
579,Legal Assistant
580,Analog Circuit Design manager
581,Librarian
582,Data Coordinator
583,Financial Advisor
584,Business Systems Development Analyst
585,Developer II
586,Sales Associate
587,Senior Financial Analyst
588,Quality Control Specialist
589,Programmer Analyst IV
590,Software Consultant
591,Graphic Designer
592,Recruiter
593,Health Coach IV
594,Staff Accountant IV
595,Payment Adjustment Coordinator
596,Structural Analysis Engineer
597,Information Systems Manager
598,Librarian
599,Clinical Specialist
600,Developer III
601,VP Product Management
602,Associate Professor
603,Programmer I
604,Human Resources Assistant II
605,Recruiter
606,Executive Secretary
607,Pharmacist
608,Electrical Engineer
609,Geological Engineer
610,Help Desk Operator
611,Quality Control Specialist
612,Operator
613,Environmental Tech
614,Data Coordinator
615,Research Associate
616,Associate Professor
617,Senior Cost Accountant
618,Tax Accountant
619,Speech Pathologist
620,Physical Therapy Assistant
621,Associate Professor
622,Research Associate
623,VP Quality Control
624,Design Engineer
625,Occupational Therapist
626,General Manager
627,Safety Technician III
628,Teacher
629,Nurse
630,Marketing Assistant
631,Speech Pathologist
632,VP Product Management
633,Community Outreach Specialist
634,Chief Design Engineer
635,Business Systems Development Analyst
636,Nurse Practicioner
637,Senior Financial Analyst
638,Administrative Officer
639,Engineer I
640,Editor
641,Account Coordinator
642,Electrical Engineer
643,Food Chemist
644,Nurse Practicioner
645,Database Administrator I
646,Director of Sales
647,Recruiting Manager
648,Chief Design Engineer
649,Design Engineer
650,Administrative Assistant I
651,Executive Secretary
652,Structural Analysis Engineer
653,Financial Advisor
654,Food Chemist
655,Associate Professor
656,Research Associate
657,Staff Accountant III
658,VP Marketing
659,VP Marketing
660,Senior Cost Accountant
661,Human Resources Assistant III
662,VP Quality Control
663,Developer IV
664,Software Test Engineer III
665,Web Designer I
666,Account Executive
667,Budget/Accounting Analyst IV
668,Software Test Engineer IV
669,Administrative Assistant I
670,Clinical Specialist
671,Senior Developer
672,Research Nurse
673,Chief Design Engineer
674,Senior Quality Engineer
675,Analyst Programmer
676,Social Worker
677,Assistant Manager
678,Teacher
679,Information Systems Manager
680,Account Executive
681,Operator
682,Technical Writer
683,Teacher
684,Research Associate
685,Compensation Analyst
686,Director of Sales
687,Web Developer IV
688,Director of Sales
689,Civil Engineer
690,Developer III
691,Desktop Support Technician
692,Nuclear Power Engineer
693,Business Systems Development Analyst
694,Professor
695,Director of Sales
696,Media Manager IV
697,Environmental Tech
698,Administrative Officer
699,Account Representative II
700,General Manager
701,Senior Cost Accountant
702,Staff Accountant IV
703,Librarian
704,Programmer I
705,Account Representative II
706,Environmental Tech
707,Speech Pathologist
708,VP Sales
709,VP Sales
710,Web Developer III
711,Environmental Specialist
712,Teacher
713,Administrative Officer
714,Statistician III
715,Clinical Specialist
716,Electrical Engineer
717,Occupational Therapist
718,Data Coordinator
719,Physical Therapy Assistant
720,Software Engineer III
721,Technical Writer
722,Pharmacist
723,Librarian
724,Actuary
725,Senior Developer
726,Assistant Media Planner
727,Assistant Media Planner
728,General Manager
729,Structural Analysis Engineer
730,Database Administrator IV
731,Pharmacist
732,Financial Analyst
733,Registered Nurse
734,Technical Writer
735,Graphic Designer
736,VP Sales
737,Internal Auditor
738,Environmental Tech
739,Programmer IV
740,Accountant II
741,Sales Representative
742,Paralegal
743,Teacher
744,Data Coordinator
745,Health Coach I
746,Internal Auditor
747,Recruiting Manager
748,VP Accounting
749,Design Engineer
750,VP Quality Control
751,Nuclear Power Engineer
752,Staff Accountant I
753,Web Designer I
754,Senior Financial Analyst
755,Business Systems Development Analyst
756,Assistant Manager
757,Software Test Engineer III
758,Help Desk Operator
759,Junior Executive
760,Staff Accountant I
761,Health Coach II
762,Accountant I
763,Senior Editor
764,Actuary
765,Chemical Engineer
766,Structural Analysis Engineer
767,Human Resources Manager
768,Recruiter
769,Librarian
770,Speech Pathologist
771,Tax Accountant
772,Senior Developer
773,Recruiter
774,GIS Technical Architect
775,Software Engineer III
776,Assistant Media Planner
777,Executive Secretary
778,Physical Therapy Assistant
779,Safety Technician IV
780,Speech Pathologist
781,Registered Nurse
782,Tax Accountant
783,Staff Scientist
784,Administrative Assistant III
785,Software Test Engineer IV
786,Account Representative IV
787,Senior Quality Engineer
788,Office Assistant IV
789,Accountant II
790,Web Developer III
791,Account Executive
792,Automation Specialist I
793,Junior Executive
794,Help Desk Technician
795,Desktop Support Technician
796,Legal Assistant
797,Paralegal
798,Dental Hygienist
799,Physical Therapy Assistant
800,Nurse Practicioner
801,Engineer III
802,Quality Engineer
803,Nuclear Power Engineer
804,Director of Sales
805,Civil Engineer
806,Desktop Support Technician
807,Developer IV
808,Software Engineer I
809,Librarian
810,Media Manager IV
811,Senior Cost Accountant
812,Database Administrator II
813,GIS Technical Architect
814,Senior Developer
815,Human Resources Manager
816,Database Administrator IV
817,Operator
818,Research Nurse
819,Computer Systems Analyst III
820,Assistant Professor
821,Web Developer IV
822,Desktop Support Technician
823,Physical Therapy Assistant
824,Web Designer I
825,Senior Editor
826,Pharmacist
827,Tax Accountant
828,Occupational Therapist
829,VP Marketing
830,Statistician III
831,Geological Engineer
832,Structural Analysis Engineer
833,Account Representative II
834,Environmental Tech
835,Quality Engineer
836,Administrative Officer
837,Operator
838,Senior Sales Associate
839,Internal Auditor
840,Financial Analyst
841,VP Quality Control
842,GIS Technical Architect
843,Computer Systems Analyst IV
844,Chemical Engineer
845,Project Manager
846,Staff Accountant IV
847,Associate Professor
848,Software Test Engineer IV
849,Marketing Manager
850,Structural Engineer
851,Cost Accountant
852,Senior Editor
853,Food Chemist
854,Sales Representative
855,Biostatistician III
856,Programmer III
857,Executive Secretary
858,Physical Therapy Assistant
859,Marketing Manager
860,Safety Technician I
861,Technical Writer
862,General Manager
863,Chief Design Engineer
864,Safety Technician I
865,Cost Accountant
866,Senior Cost Accountant
867,Legal Assistant
868,Systems Administrator II
869,Budget/Accounting Analyst IV
870,Business Systems Development Analyst
871,Sales Associate
872,Assistant Professor
873,Social Worker
874,Registered Nurse
875,Geological Engineer
876,Geological Engineer
877,Staff Accountant III
878,Data Coordinator
879,Research Associate
880,Programmer Analyst IV
881,VP Sales
882,Electrical Engineer
883,Operator
884,Legal Assistant
885,Dental Hygienist
886,Senior Developer
887,Developer IV
888,Sales Representative
889,Staff Scientist
890,Research Associate
891,Help Desk Technician
892,Analyst Programmer
893,Quality Engineer
894,Senior Editor
895,GIS Technical Architect
896,Assistant Manager
897,Internal Auditor
898,Senior Cost Accountant
899,Assistant Professor
900,Help Desk Technician
901,Human Resources Manager
902,Graphic Designer
903,Tax Accountant
904,Senior Developer
905,Editor
906,Assistant Manager
907,VP Accounting
908,Executive Secretary
909,Human Resources Manager
910,Compensation Analyst
911,Account Representative II
912,Dental Hygienist
913,Business Systems Development Analyst
914,Software Engineer IV
915,Structural Analysis Engineer
916,Media Manager IV
917,General Manager
918,Operator
919,Design Engineer
920,Accountant II
921,Senior Developer
922,Biostatistician III
923,Geological Engineer
924,Director of Sales
925,Administrative Officer
926,Project Manager
927,Account Representative II
928,Health Coach III
929,Product Engineer
930,Help Desk Technician
931,Associate Professor
932,Health Coach III
933,Paralegal
934,VP Sales
935,Product Engineer
936,Staff Accountant II
937,Sales Representative
938,Nuclear Power Engineer
939,GIS Technical Architect
940,Junior Executive
941,Business Systems Development Analyst
942,Marketing Manager
943,Database Administrator II
944,Research Nurse
945,Editor
946,Mechanical Systems Engineer
947,Quality Control Specialist
948,Assistant Manager
949,Professor
950,Recruiting Manager
951,Social Worker
952,Teacher
953,Community Outreach Specialist
954,Financial Advisor
955,Geologist III
956,Human Resources Manager
957,Professor
958,Clinical Specialist
959,Pharmacist
960,Assistant Manager
961,Community Outreach Specialist
962,Speech Pathologist
963,Registered Nurse
964,Physical Therapy Assistant
965,Analyst Programmer
966,Computer Systems Analyst I
967,Nurse
968,Assistant Professor
969,Design Engineer
970,Account Executive
971,Business Systems Development Analyst
972,Account Executive
973,VP Marketing
974,Civil Engineer
975,Software Engineer IV
976,Nurse Practicioner
977,Operator
978,Marketing Manager
979,Database Administrator IV
980,Graphic Designer
981,Quality Engineer
982,Tax Accountant
983,Senior Sales Associate
984,Graphic Designer
985,Clinical Specialist
986,Graphic Designer
987,Assistant Media Planner
988,Software Engineer II
989,Director of Sales
990,Marketing Manager
991,Web Designer II
992,Paralegal
993,Structural Analysis Engineer
994,Graphic Designer
995,GIS Technical Architect
996,Speech Pathologist
997,Software Test Engineer IV
998,Quality Engineer
999,Senior Developer
1000,Librarian
